Date,Price,Log_Return,Log_Return_%
2018-01-03,2713.06,0.006378,0.6378
2018-01-04,2723.99,0.004021,0.4021
2018-01-05,2743.15,0.007009,0.7009
2018-01-08,2747.71,0.001661,0.1661
2018-01-09,2751.29,0.001302,0.1302
2018-01-10,2748.23,-0.001113,-0.1113
2018-01-11,2767.56,0.007009,0.7009
2018-01-12,2786.24,0.006727,0.6727
2018-01-16,2776.42,-0.003531,-0.3531
2018-01-17,2802.56,0.009371,0.9371
2018-01-18,2798.03,-0.001618,-0.1618
2018-01-19,2810.3,0.004376,0.4376
2018-01-22,2832.97,0.008034,0.8034
2018-01-23,2839.13,0.002172,0.2172
2018-01-24,2837.54,-0.00056,-0.056
2018-01-25,2839.25,0.000602,0.0602
2018-01-26,2872.87,0.011772,1.1772
2018-01-29,2853.53,-0.006755,-0.6755
2018-01-30,2822.43,-0.010959,-1.0959
2018-01-31,2823.81,0.000489,0.0489
2018-02-01,2821.98,-0.000648,-0.0648
2018-02-02,2762.13,-0.021437,-2.1437
2018-02-05,2648.94,-0.041843,-4.1843
2018-02-06,2695.14,0.017291,1.7291
2018-02-07,2681.66,-0.005014,-0.5014
2018-02-08,2581.0,-0.038259,-3.8259
2018-02-09,2619.55,0.014826,1.4826
2018-02-12,2656.0,0.013819,1.3819
2018-02-13,2662.94,0.00261,0.261
2018-02-14,2698.63,0.013313,1.3313
2018-02-15,2731.2,0.011997,1.1997
2018-02-16,2732.22,0.000373,0.0373
2018-02-20,2716.26,-0.005859,-0.5859
2018-02-21,2701.33,-0.005512,-0.5512
2018-02-22,2703.96,0.000973,0.0973
2018-02-23,2747.3,0.015901,1.5901
2018-02-26,2779.6,0.011688,1.1688
2018-02-27,2744.28,-0.012788,-1.2788
2018-02-28,2713.83,-0.011158,-1.1158
2018-03-01,2677.67,-0.013414,-1.3414
2018-03-02,2691.25,0.005059,0.5059
2018-03-05,2720.94,0.010972,1.0972
2018-03-06,2728.12,0.002635,0.2635
2018-03-07,2726.8,-0.000484,-0.0484
2018-03-08,2738.97,0.004453,0.4453
2018-03-09,2786.57,0.01723,1.723
2018-03-12,2783.02,-0.001275,-0.1275
2018-03-13,2765.31,-0.006384,-0.6384
2018-03-14,2749.48,-0.005741,-0.5741
2018-03-15,2747.33,-0.000782,-0.0782
2018-03-16,2752.01,0.001702,0.1702
2018-03-19,2712.92,-0.014306,-1.4306
2018-03-20,2716.94,0.001481,0.1481
2018-03-21,2711.93,-0.001846,-0.1846
2018-03-22,2643.69,-0.025485,-2.5485
2018-03-23,2588.26,-0.02119,-2.119
2018-03-26,2658.55,0.026795,2.6795
2018-03-27,2612.62,-0.017427,-1.7427
2018-03-28,2605.0,-0.002921,-0.2921
2018-03-29,2640.87,0.013676,1.3676
2018-04-02,2581.88,-0.022591,-2.2591
2018-04-03,2614.45,0.012536,1.2536
2018-04-04,2644.69,0.0115,1.15
2018-04-05,2662.84,0.006839,0.6839
2018-04-06,2604.47,-0.022164,-2.2164
2018-04-09,2613.16,0.003331,0.3331
2018-04-10,2656.87,0.016589,1.6589
2018-04-11,2642.19,-0.005541,-0.5541
2018-04-12,2663.99,0.008217,0.8217
2018-04-13,2656.3,-0.002891,-0.2891
2018-04-16,2677.84,0.008076,0.8076
2018-04-17,2706.39,0.010605,1.0605
2018-04-18,2708.64,0.000831,0.0831
2018-04-19,2693.13,-0.005743,-0.5743
2018-04-20,2670.14,-0.008573,-0.8573
2018-04-23,2670.29,5.6e-05,0.0056
2018-04-24,2634.56,-0.013471,-1.3471
2018-04-25,2639.4,0.001835,0.1835
2018-04-26,2666.94,0.01038,1.038
2018-04-27,2669.91,0.001113,0.1113
2018-04-30,2648.05,-0.008221,-0.8221
2018-05-01,2654.8,0.002546,0.2546
2018-05-02,2635.67,-0.007232,-0.7232
2018-05-03,2629.73,-0.002256,-0.2256
2018-05-04,2663.42,0.01273,1.273
2018-05-07,2672.63,0.003452,0.3452
2018-05-08,2671.92,-0.000266,-0.0266
2018-05-09,2697.79,0.009636,0.9636
2018-05-10,2723.07,0.009327,0.9327
2018-05-11,2727.72,0.001706,0.1706
2018-05-14,2730.13,0.000883,0.0883
2018-05-15,2711.45,-0.006866,-0.6866
2018-05-16,2722.46,0.004052,0.4052
2018-05-17,2720.13,-0.000856,-0.0856
2018-05-18,2712.97,-0.002636,-0.2636
2018-05-21,2733.01,0.00736,0.736
2018-05-22,2724.44,-0.003141,-0.3141
2018-05-23,2733.29,0.003243,0.3243
2018-05-24,2727.76,-0.002025,-0.2025
2018-05-25,2721.33,-0.00236,-0.236
2018-05-29,2689.86,-0.011632,-1.1632
2018-05-30,2724.01,0.012616,1.2616
2018-05-31,2705.27,-0.006903,-0.6903
2018-06-01,2734.62,0.010791,1.0791
2018-06-04,2746.87,0.00447,0.447
2018-06-05,2748.8,0.000702,0.0702
2018-06-06,2772.35,0.008531,0.8531
2018-06-07,2770.37,-0.000714,-0.0714
2018-06-08,2779.03,0.003121,0.3121
2018-06-11,2782.0,0.001068,0.1068
2018-06-12,2786.85,0.001742,0.1742
2018-06-13,2775.63,-0.004034,-0.4034
2018-06-14,2782.49,0.002469,0.2469
2018-06-15,2779.66,-0.001018,-0.1018
2018-06-18,2773.75,-0.002128,-0.2128
2018-06-19,2762.59,-0.004032,-0.4032
2018-06-20,2767.32,0.001711,0.1711
2018-06-21,2749.76,-0.006366,-0.6366
2018-06-22,2754.88,0.00186,0.186
2018-06-25,2717.07,-0.01382,-1.382
2018-06-26,2723.06,0.002202,0.2202
2018-06-27,2699.63,-0.008642,-0.8642
2018-06-28,2716.31,0.00616,0.616
2018-06-29,2718.37,0.000758,0.0758
2018-07-02,2726.71,0.003063,0.3063
2018-07-03,2713.22,-0.00496,-0.496
2018-07-05,2736.61,0.008584,0.8584
2018-07-06,2759.82,0.008446,0.8446
2018-07-09,2784.17,0.008784,0.8784
2018-07-10,2793.84,0.003467,0.3467
2018-07-11,2774.02,-0.007119,-0.7119
2018-07-12,2798.29,0.008711,0.8711
2018-07-13,2801.31,0.001079,0.1079
2018-07-16,2798.43,-0.001029,-0.1029
2018-07-17,2809.55,0.003966,0.3966
2018-07-18,2815.62,0.002158,0.2158
2018-07-19,2804.49,-0.003961,-0.3961
2018-07-20,2801.83,-0.000949,-0.0949
2018-07-23,2806.98,0.001836,0.1836
2018-07-24,2820.4,0.00477,0.477
2018-07-25,2846.07,0.00906,0.906
2018-07-26,2837.44,-0.003037,-0.3037
2018-07-27,2818.82,-0.006584,-0.6584
2018-07-30,2802.6,-0.005771,-0.5771
2018-07-31,2816.29,0.004873,0.4873
2018-08-01,2813.36,-0.001041,-0.1041
2018-08-02,2827.22,0.004914,0.4914
2018-08-03,2840.35,0.004633,0.4633
2018-08-06,2850.4,0.003532,0.3532
2018-08-07,2858.45,0.00282,0.282
2018-08-08,2857.7,-0.000262,-0.0262
2018-08-09,2853.58,-0.001443,-0.1443
2018-08-10,2833.28,-0.007139,-0.7139
2018-08-13,2821.93,-0.004014,-0.4014
2018-08-14,2839.96,0.006369,0.6369
2018-08-15,2818.37,-0.007631,-0.7631
2018-08-16,2840.69,0.007888,0.7888
2018-08-17,2850.13,0.003318,0.3318
2018-08-20,2857.05,0.002425,0.2425
2018-08-21,2862.96,0.002066,0.2066
2018-08-22,2861.82,-0.000398,-0.0398
2018-08-23,2856.98,-0.001693,-0.1693
2018-08-24,2874.69,0.00618,0.618
2018-08-27,2896.74,0.007641,0.7641
2018-08-28,2897.52,0.000269,0.0269
2018-08-29,2914.04,0.005685,0.5685
2018-08-30,2901.13,-0.00444,-0.444
2018-08-31,2901.52,0.000134,0.0134
2018-09-04,2896.72,-0.001656,-0.1656
2018-09-05,2888.6,-0.002807,-0.2807
2018-09-06,2878.05,-0.003659,-0.3659
2018-09-07,2871.68,-0.002216,-0.2216
2018-09-10,2877.13,0.001896,0.1896
2018-09-11,2887.89,0.003733,0.3733
2018-09-12,2888.92,0.000357,0.0357
2018-09-13,2904.18,0.005268,0.5268
2018-09-14,2904.98,0.000275,0.0275
2018-09-17,2888.8,-0.005585,-0.5585
2018-09-18,2904.31,0.005355,0.5355
2018-09-19,2907.95,0.001252,0.1252
2018-09-20,2930.75,0.00781,0.781
2018-09-21,2929.67,-0.000369,-0.0369
2018-09-24,2919.37,-0.003522,-0.3522
2018-09-25,2915.56,-0.001306,-0.1306
2018-09-26,2905.97,-0.003295,-0.3295
2018-09-27,2914.0,0.002759,0.2759
2018-09-28,2913.98,-7e-06,-0.0007
2018-10-01,2924.59,0.003634,0.3634
2018-10-02,2923.43,-0.000397,-0.0397
2018-10-03,2925.51,0.000711,0.0711
2018-10-04,2901.61,-0.008203,-0.8203
2018-10-05,2885.57,-0.005543,-0.5543
2018-10-08,2884.43,-0.000395,-0.0395
2018-10-09,2880.34,-0.001419,-0.1419
2018-10-10,2785.68,-0.033416,-3.3416
2018-10-11,2728.37,-0.020788,-2.0788
2018-10-12,2767.13,0.014106,1.4106
2018-10-15,2750.79,-0.005922,-0.5922
2018-10-16,2809.92,0.021268,2.1268
2018-10-17,2809.21,-0.000253,-0.0253
2018-10-18,2768.78,-0.014496,-1.4496
2018-10-19,2767.78,-0.000361,-0.0361
2018-10-22,2755.88,-0.004309,-0.4309
2018-10-23,2740.69,-0.005527,-0.5527
2018-10-24,2656.1,-0.031351,-3.1351
2018-10-25,2705.57,0.018454,1.8454
2018-10-26,2658.69,-0.017479,-1.7479
2018-10-29,2641.25,-0.006581,-0.6581
2018-10-30,2682.63,0.015545,1.5545
2018-10-31,2711.74,0.010793,1.0793
2018-11-01,2740.37,0.010502,1.0502
2018-11-02,2723.06,-0.006337,-0.6337
2018-11-05,2738.31,0.005585,0.5585
2018-11-06,2755.45,0.00624,0.624
2018-11-07,2813.89,0.020987,2.0987
2018-11-08,2806.83,-0.002512,-0.2512
2018-11-09,2781.01,-0.009242,-0.9242
2018-11-12,2726.22,-0.019898,-1.9898
2018-11-13,2722.18,-0.001483,-0.1483
2018-11-14,2701.58,-0.007596,-0.7596
2018-11-15,2730.2,0.010538,1.0538
2018-11-16,2736.27,0.002221,0.2221
2018-11-19,2690.73,-0.016783,-1.6783
2018-11-20,2641.89,-0.018318,-1.8318
2018-11-21,2649.93,0.003039,0.3039
2018-11-23,2632.56,-0.006576,-0.6576
2018-11-26,2673.45,0.015413,1.5413
2018-11-27,2682.17,0.003256,0.3256
2018-11-28,2743.79,0.022714,2.2714
2018-11-29,2737.8,-0.002185,-0.2185
2018-11-30,2760.17,0.008138,0.8138
2018-12-03,2790.37,0.010882,1.0882
2018-12-04,2700.06,-0.0329,-3.29
2018-12-06,2695.95,-0.001523,-0.1523
2018-12-07,2633.08,-0.023596,-2.3596
2018-12-10,2637.72,0.001761,0.1761
2018-12-11,2636.78,-0.000356,-0.0356
2018-12-12,2651.07,0.005405,0.5405
2018-12-13,2650.54,-0.0002,-0.02
2018-12-14,2599.95,-0.019271,-1.9271
2018-12-17,2545.94,-0.020992,-2.0992
2018-12-18,2546.16,8.6e-05,0.0086
2018-12-19,2506.96,-0.015515,-1.5515
2018-12-20,2467.42,-0.015898,-1.5898
2018-12-21,2416.62,-0.020803,-2.0803
2018-12-24,2351.1,-0.027487,-2.7487
2018-12-26,2467.7,0.048403,4.8403
2018-12-27,2488.83,0.008526,0.8526
2018-12-28,2485.74,-0.001242,-0.1242
2018-12-31,2506.85,0.008457,0.8457
2019-01-02,2510.03,0.001268,0.1268
2019-01-03,2447.89,-0.025068,-2.5068
2019-01-04,2531.94,0.033759,3.3759
2019-01-07,2549.69,0.006986,0.6986
2019-01-08,2574.41,0.009649,0.9649
2019-01-09,2584.96,0.00409,0.409
2019-01-10,2596.64,0.004508,0.4508
2019-01-11,2596.26,-0.000146,-0.0146
2019-01-14,2582.61,-0.005271,-0.5271
2019-01-15,2610.3,0.010665,1.0665
2019-01-16,2616.1,0.00222,0.222
2019-01-17,2635.96,0.007563,0.7563
2019-01-18,2670.71,0.013097,1.3097
2019-01-22,2632.9,-0.014258,-1.4258
2019-01-23,2638.7,0.0022,0.22
2019-01-24,2642.33,0.001375,0.1375
2019-01-25,2664.76,0.008453,0.8453
2019-01-28,2643.85,-0.007878,-0.7878
2019-01-29,2640.0,-0.001457,-0.1457
2019-01-30,2681.05,0.01543,1.543
2019-01-31,2704.1,0.008561,0.8561
2019-02-01,2706.53,0.000898,0.0898
2019-02-04,2724.87,0.006753,0.6753
2019-02-05,2737.7,0.004697,0.4697
2019-02-06,2731.61,-0.002227,-0.2227
2019-02-07,2706.05,-0.009401,-0.9401
2019-02-08,2707.88,0.000676,0.0676
2019-02-11,2709.8,0.000709,0.0709
2019-02-12,2744.73,0.012808,1.2808
2019-02-13,2753.03,0.003019,0.3019
2019-02-14,2745.73,-0.002655,-0.2655
2019-02-15,2775.6,0.01082,1.082
2019-02-19,2779.76,0.001498,0.1498
2019-02-20,2784.7,0.001776,0.1776
2019-02-21,2774.88,-0.003533,-0.3533
2019-02-22,2792.67,0.006391,0.6391
2019-02-25,2796.11,0.001231,0.1231
2019-02-26,2793.9,-0.000791,-0.0791
2019-02-27,2792.38,-0.000544,-0.0544
2019-02-28,2784.49,-0.00283,-0.283
2019-03-01,2803.69,0.006872,0.6872
2019-03-04,2792.81,-0.003888,-0.3888
2019-03-05,2789.65,-0.001132,-0.1132
2019-03-06,2771.45,-0.006545,-0.6545
2019-03-07,2748.93,-0.008159,-0.8159
2019-03-08,2743.07,-0.002134,-0.2134
2019-03-11,2783.3,0.01456,1.456
2019-03-12,2791.52,0.002949,0.2949
2019-03-13,2810.92,0.006926,0.6926
2019-03-14,2808.48,-0.000868,-0.0868
2019-03-15,2822.48,0.004973,0.4973
2019-03-18,2832.94,0.003699,0.3699
2019-03-19,2832.57,-0.000131,-0.0131
2019-03-20,2824.23,-0.002949,-0.2949
2019-03-21,2854.88,0.010794,1.0794
2019-03-22,2800.71,-0.019157,-1.9157
2019-03-25,2798.36,-0.000839,-0.0839
2019-03-26,2818.46,0.007157,0.7157
2019-03-27,2805.37,-0.004655,-0.4655
2019-03-28,2815.44,0.003583,0.3583
2019-03-29,2834.4,0.006712,0.6712
2019-04-01,2867.19,0.011502,1.1502
2019-04-02,2867.24,1.7e-05,0.0017
2019-04-03,2873.4,0.002146,0.2146
2019-04-04,2879.39,0.002082,0.2082
2019-04-05,2892.74,0.004626,0.4626
2019-04-08,2895.77,0.001047,0.1047
2019-04-09,2878.2,-0.006086,-0.6086
2019-04-10,2888.21,0.003472,0.3472
2019-04-11,2888.32,3.8e-05,0.0038
2019-04-12,2907.41,0.006588,0.6588
2019-04-15,2905.58,-0.00063,-0.063
2019-04-16,2907.06,0.000509,0.0509
2019-04-17,2900.45,-0.002276,-0.2276
2019-04-18,2905.03,0.001578,0.1578
2019-04-22,2907.97,0.001012,0.1012
2019-04-23,2933.68,0.008802,0.8802
2019-04-24,2927.25,-0.002194,-0.2194
2019-04-25,2926.17,-0.000369,-0.0369
2019-04-26,2939.88,0.004674,0.4674
2019-04-29,2943.03,0.001071,0.1071
2019-04-30,2945.83,0.000951,0.0951
2019-05-01,2923.73,-0.00753,-0.753
2019-05-02,2917.52,-0.002126,-0.2126
2019-05-03,2945.64,0.009592,0.9592
2019-05-06,2932.47,-0.004481,-0.4481
2019-05-07,2884.05,-0.016649,-1.6649
2019-05-08,2879.42,-0.001607,-0.1607
2019-05-09,2870.72,-0.003026,-0.3026
2019-05-10,2881.4,0.003713,0.3713
2019-05-13,2811.87,-0.024426,-2.4426
2019-05-14,2834.41,0.007984,0.7984
2019-05-15,2850.96,0.005822,0.5822
2019-05-16,2876.32,0.008856,0.8856
2019-05-17,2859.53,-0.005854,-0.5854
2019-05-20,2840.23,-0.006772,-0.6772
2019-05-21,2864.36,0.00846,0.846
2019-05-22,2856.27,-0.002828,-0.2828
2019-05-23,2822.24,-0.011986,-1.1986
2019-05-24,2826.06,0.001353,0.1353
2019-05-28,2802.39,-0.008411,-0.8411
2019-05-29,2783.02,-0.006936,-0.6936
2019-05-30,2788.86,0.002096,0.2096
2019-05-31,2752.06,-0.013283,-1.3283
2019-06-03,2744.45,-0.002769,-0.2769
2019-06-04,2803.27,0.021206,2.1206
2019-06-05,2826.15,0.008129,0.8129
2019-06-06,2843.49,0.006117,0.6117
2019-06-07,2873.34,0.010443,1.0443
2019-06-10,2886.73,0.004649,0.4649
2019-06-11,2885.72,-0.00035,-0.035
2019-06-12,2879.84,-0.00204,-0.204
2019-06-13,2891.64,0.004089,0.4089
2019-06-14,2886.98,-0.001613,-0.1613
2019-06-17,2889.67,0.000931,0.0931
2019-06-18,2917.75,0.00967,0.967
2019-06-19,2926.46,0.002981,0.2981
2019-06-20,2954.18,0.009428,0.9428
2019-06-21,2950.46,-0.00126,-0.126
2019-06-24,2945.35,-0.001733,-0.1733
2019-06-25,2917.38,-0.009542,-0.9542
2019-06-26,2913.78,-0.001235,-0.1235
2019-06-27,2924.92,0.003816,0.3816
2019-06-28,2941.76,0.005741,0.5741
2019-07-01,2964.33,0.007643,0.7643
2019-07-02,2973.01,0.002924,0.2924
2019-07-03,2995.82,0.007643,0.7643
2019-07-05,2990.41,-0.001808,-0.1808
2019-07-08,2975.95,-0.004847,-0.4847
2019-07-09,2979.63,0.001236,0.1236
2019-07-10,2993.07,0.004501,0.4501
2019-07-11,2999.91,0.002283,0.2283
2019-07-12,3013.77,0.00461,0.461
2019-07-15,3014.3,0.000176,0.0176
2019-07-16,3004.04,-0.00341,-0.341
2019-07-17,2984.42,-0.006553,-0.6553
2019-07-18,2995.11,0.003576,0.3576
2019-07-19,2976.61,-0.006196,-0.6196
2019-07-22,2985.03,0.002825,0.2825
2019-07-23,3005.47,0.006824,0.6824
2019-07-24,3019.56,0.004677,0.4677
2019-07-25,3003.67,-0.005276,-0.5276
2019-07-26,3025.86,0.007361,0.7361
2019-07-29,3020.97,-0.001617,-0.1617
2019-07-30,3013.18,-0.002582,-0.2582
2019-07-31,2980.38,-0.010945,-1.0945
2019-08-01,2953.56,-0.00904,-0.904
2019-08-02,2932.05,-0.007309,-0.7309
2019-08-05,2844.74,-0.03023,-3.023
2019-08-06,2881.77,0.012933,1.2933
2019-08-07,2883.98,0.000767,0.0767
2019-08-08,2938.09,0.018588,1.8588
2019-08-09,2918.65,-0.006639,-0.6639
2019-08-12,2882.7,-0.012394,-1.2394
2019-08-13,2926.32,0.015018,1.5018
2019-08-14,2840.6,-0.02973,-2.973
2019-08-15,2847.6,0.002461,0.2461
2019-08-16,2888.68,0.014323,1.4323
2019-08-19,2923.65,0.012033,1.2033
2019-08-20,2900.51,-0.007946,-0.7946
2019-08-21,2924.43,0.008213,0.8213
2019-08-22,2922.95,-0.000506,-0.0506
2019-08-23,2847.11,-0.026289,-2.6289
2019-08-26,2878.38,0.010923,1.0923
2019-08-27,2869.16,-0.003208,-0.3208
2019-08-28,2887.94,0.006524,0.6524
2019-08-29,2924.58,0.012607,1.2607
2019-08-30,2926.46,0.000643,0.0643
2019-09-03,2906.27,-0.006923,-0.6923
2019-09-04,2937.78,0.010784,1.0784
2019-09-05,2976.0,0.012926,1.2926
2019-09-06,2978.71,0.00091,0.091
2019-09-09,2978.43,-9.4e-05,-0.0094
2019-09-10,2979.39,0.000322,0.0322
2019-09-11,3000.93,0.007204,0.7204
2019-09-12,3009.57,0.002875,0.2875
2019-09-13,3007.39,-0.000725,-0.0725
2019-09-16,2997.96,-0.003141,-0.3141
2019-09-17,3005.7,0.002578,0.2578
2019-09-18,3006.73,0.000343,0.0343
2019-09-19,3006.79,2e-05,0.002
2019-09-20,2992.07,-0.004908,-0.4908
2019-09-23,2991.78,-9.7e-05,-0.0097
2019-09-24,2966.6,-0.008452,-0.8452
2019-09-25,2984.87,0.00614,0.614
2019-09-26,2977.62,-0.002432,-0.2432
2019-09-27,2961.79,-0.005331,-0.5331
2019-09-30,2976.74,0.005035,0.5035
2019-10-01,2940.25,-0.012334,-1.2334
2019-10-02,2887.61,-0.018065,-1.8065
2019-10-03,2910.63,0.00794,0.794
2019-10-04,2952.01,0.014117,1.4117
2019-10-07,2938.79,-0.004488,-0.4488
2019-10-08,2893.06,-0.015683,-1.5683
2019-10-09,2919.4,0.009063,0.9063
2019-10-10,2938.13,0.006395,0.6395
2019-10-11,2970.27,0.01088,1.088
2019-10-14,2966.15,-0.001388,-0.1388
2019-10-15,2995.68,0.009906,0.9906
2019-10-16,2989.69,-0.002002,-0.2002
2019-10-17,2997.95,0.002759,0.2759
2019-10-18,2986.2,-0.003927,-0.3927
2019-10-21,3006.72,0.006848,0.6848
2019-10-22,2995.99,-0.003575,-0.3575
2019-10-23,3004.52,0.002843,0.2843
2019-10-24,3010.29,0.001919,0.1919
2019-10-25,3022.55,0.004064,0.4064
2019-10-28,3039.42,0.005566,0.5566
2019-10-29,3036.89,-0.000833,-0.0833
2019-10-30,3046.77,0.003248,0.3248
2019-10-31,3037.56,-0.003027,-0.3027
2019-11-01,3066.91,0.009616,0.9616
2019-11-04,3078.27,0.003697,0.3697
2019-11-05,3074.62,-0.001186,-0.1186
2019-11-06,3076.78,0.000702,0.0702
2019-11-07,3085.18,0.002726,0.2726
2019-11-08,3093.08,0.002557,0.2557
2019-11-11,3087.01,-0.001964,-0.1964
2019-11-12,3091.84,0.001563,0.1563
2019-11-13,3094.04,0.000711,0.0711
2019-11-14,3096.63,0.000837,0.0837
2019-11-15,3120.46,0.007666,0.7666
2019-11-18,3122.03,0.000503,0.0503
2019-11-19,3120.18,-0.000593,-0.0593
2019-11-20,3108.46,-0.003763,-0.3763
2019-11-21,3103.54,-0.001584,-0.1584
2019-11-22,3110.29,0.002173,0.2173
2019-11-25,3133.64,0.007479,0.7479
2019-11-26,3140.52,0.002193,0.2193
2019-11-27,3153.63,0.004166,0.4166
2019-11-29,3140.98,-0.004019,-0.4019
2019-12-02,3113.87,-0.008668,-0.8668
2019-12-03,3093.2,-0.00666,-0.666
2019-12-04,3112.76,0.006304,0.6304
2019-12-05,3117.43,0.001499,0.1499
2019-12-06,3145.91,0.009094,0.9094
2019-12-09,3135.96,-0.003168,-0.3168
2019-12-10,3132.52,-0.001098,-0.1098
2019-12-11,3141.63,0.002904,0.2904
2019-12-12,3168.57,0.008539,0.8539
2019-12-13,3168.8,7.3e-05,0.0073
2019-12-16,3191.45,0.007122,0.7122
2019-12-17,3192.52,0.000335,0.0335
2019-12-18,3191.14,-0.000432,-0.0432
2019-12-19,3205.37,0.004449,0.4449
2019-12-20,3221.22,0.004933,0.4933
2019-12-23,3224.01,0.000866,0.0866
2019-12-24,3223.38,-0.000195,-0.0195
2019-12-26,3239.91,0.005115,0.5115
2019-12-27,3240.02,3.4e-05,0.0034
2019-12-30,3221.29,-0.005798,-0.5798
2019-12-31,3230.78,0.002942,0.2942
2020-01-02,3257.85,0.008344,0.8344
2020-01-03,3234.85,-0.007085,-0.7085
2020-01-06,3246.28,0.003527,0.3527
2020-01-07,3237.18,-0.002807,-0.2807
2020-01-08,3253.05,0.00489,0.489
2020-01-09,3274.7,0.006633,0.6633
2020-01-10,3265.35,-0.002859,-0.2859
2020-01-13,3288.13,0.006952,0.6952
2020-01-14,3283.15,-0.001516,-0.1516
2020-01-15,3289.29,0.001868,0.1868
2020-01-16,3316.81,0.008332,0.8332
2020-01-17,3329.62,0.003855,0.3855
2020-01-21,3320.79,-0.002656,-0.2656
2020-01-22,3321.75,0.000289,0.0289
2020-01-23,3325.54,0.00114,0.114
2020-01-24,3295.47,-0.009083,-0.9083
2020-01-27,3243.63,-0.015856,-1.5856
2020-01-28,3276.24,0.010003,1.0003
2020-01-29,3273.4,-0.000867,-0.0867
2020-01-30,3283.66,0.003129,0.3129
2020-01-31,3225.52,-0.017864,-1.7864
2020-02-03,3248.92,0.007228,0.7228
2020-02-04,3297.59,0.014869,1.4869
2020-02-05,3334.69,0.011188,1.1188
2020-02-06,3345.78,0.00332,0.332
2020-02-07,3327.71,-0.005415,-0.5415
2020-02-10,3352.09,0.0073,0.73
2020-02-11,3357.75,0.001687,0.1687
2020-02-12,3379.45,0.006442,0.6442
2020-02-13,3373.94,-0.001632,-0.1632
2020-02-14,3380.16,0.001842,0.1842
2020-02-18,3370.29,-0.002924,-0.2924
2020-02-19,3386.15,0.004695,0.4695
2020-02-20,3373.23,-0.003823,-0.3823
2020-02-21,3337.75,-0.010574,-1.0574
2020-02-24,3225.89,-0.034088,-3.4088
2020-02-25,3128.21,-0.030748,-3.0748
2020-02-26,3116.39,-0.003786,-0.3786
2020-02-27,2978.76,-0.045168,-4.5168
2020-02-28,2954.22,-0.008272,-0.8272
2020-03-02,3090.23,0.045011,4.5011
2020-03-03,3003.37,-0.02851,-2.851
2020-03-04,3130.12,0.041336,4.1336
2020-03-05,3023.94,-0.034511,-3.4511
2020-03-06,2972.37,-0.017201,-1.7201
2020-03-09,2746.56,-0.07901,-7.901
2020-03-10,2882.23,0.048215,4.8215
2020-03-11,2741.38,-0.050103,-5.0103
2020-03-12,2480.64,-0.099945,-9.9945
2020-03-13,2711.02,0.088808,8.8808
2020-03-16,2386.13,-0.127652,-12.7652
2020-03-17,2529.19,0.058226,5.8226
2020-03-18,2398.1,-0.053222,-5.3222
2020-03-19,2409.39,0.004697,0.4697
2020-03-20,2304.92,-0.044328,-4.4328
2020-03-23,2237.4,-0.029732,-2.9732
2020-03-24,2447.33,0.089683,8.9683
2020-03-25,2475.56,0.011469,1.1469
2020-03-26,2630.07,0.060544,6.0544
2020-03-27,2541.47,-0.034268,-3.4268
2020-03-30,2626.65,0.032967,3.2967
2020-03-31,2584.59,-0.016142,-1.6142
2020-04-01,2470.5,-0.045146,-4.5146
2020-04-02,2526.9,0.022573,2.2573
2020-04-03,2488.65,-0.015253,-1.5253
2020-04-06,2663.68,0.067968,6.7968
2020-04-07,2659.41,-0.001604,-0.1604
2020-04-08,2749.98,0.033489,3.3489
2020-04-09,2789.82,0.014383,1.4383
2020-04-13,2761.63,-0.010156,-1.0156
2020-04-14,2846.06,0.030115,3.0115
2020-04-15,2783.36,-0.022277,-2.2277
2020-04-16,2799.55,0.0058,0.58
2020-04-17,2874.56,0.026441,2.6441
2020-04-20,2823.16,-0.018043,-1.8043
2020-04-21,2736.56,-0.031155,-3.1155
2020-04-22,2799.31,0.022671,2.2671
2020-04-23,2797.8,-0.00054,-0.054
2020-04-24,2836.74,0.013822,1.3822
2020-04-27,2878.48,0.014607,1.4607
2020-04-28,2863.39,-0.005256,-0.5256
2020-04-29,2939.51,0.026237,2.6237
2020-04-30,2912.43,-0.009255,-0.9255
2020-05-01,2830.71,-0.02846,-2.846
2020-05-04,2842.74,0.004241,0.4241
2020-05-05,2868.44,0.009,0.9
2020-05-06,2848.42,-0.007004,-0.7004
2020-05-07,2881.19,0.011439,1.1439
2020-05-08,2929.8,0.016731,1.6731
2020-05-11,2930.19,0.000133,0.0133
2020-05-12,2870.12,-0.020713,-2.0713
2020-05-13,2820.0,-0.017617,-1.7617
2020-05-14,2852.5,0.011459,1.1459
2020-05-15,2863.7,0.003919,0.3919
2020-05-18,2953.91,0.031015,3.1015
2020-05-19,2922.94,-0.01054,-1.054
2020-05-20,2971.61,0.016514,1.6514
2020-05-21,2948.51,-0.007804,-0.7804
2020-05-22,2955.45,0.002351,0.2351
2020-05-26,2991.77,0.012214,1.2214
2020-05-27,3036.13,0.014718,1.4718
2020-05-28,3029.73,-0.00211,-0.211
2020-05-29,3044.31,0.004801,0.4801
2020-06-01,3055.73,0.003744,0.3744
2020-06-02,3080.82,0.008177,0.8177
2020-06-03,3122.87,0.013557,1.3557
2020-06-04,3112.35,-0.003374,-0.3374
2020-06-05,3193.93,0.025874,2.5874
2020-06-08,3232.39,0.01197,1.197
2020-06-09,3207.18,-0.00783,-0.783
2020-06-10,3190.14,-0.005327,-0.5327
2020-06-11,3002.1,-0.060753,-6.0753
2020-06-12,3041.31,0.012976,1.2976
2020-06-15,3066.59,0.008278,0.8278
2020-06-16,3124.74,0.018785,1.8785
2020-06-17,3113.49,-0.003607,-0.3607
2020-06-18,3115.34,0.000594,0.0594
2020-06-19,3097.74,-0.005666,-0.5666
2020-06-22,3117.86,0.006474,0.6474
2020-06-23,3131.29,0.004298,0.4298
2020-06-24,3050.33,-0.026195,-2.6195
2020-06-25,3083.76,0.0109,1.09
2020-06-26,3009.05,-0.024525,-2.4525
2020-06-29,3053.24,0.014579,1.4579
2020-06-30,3100.29,0.015292,1.5292
2020-07-01,3115.86,0.00501,0.501
2020-07-02,3130.01,0.004531,0.4531
2020-07-06,3179.72,0.015757,1.5757
2020-07-07,3145.32,-0.010877,-1.0877
2020-07-08,3169.94,0.007797,0.7797
2020-07-09,3152.05,-0.00566,-0.566
2020-07-10,3185.04,0.010412,1.0412
2020-07-13,3155.22,-0.009407,-0.9407
2020-07-14,3197.52,0.013317,1.3317
2020-07-15,3226.56,0.009041,0.9041
2020-07-16,3215.57,-0.003412,-0.3412
2020-07-17,3224.73,0.002845,0.2845
2020-07-20,3251.84,0.008372,0.8372
2020-07-21,3257.3,0.001678,0.1678
2020-07-22,3276.02,0.005731,0.5731
2020-07-23,3235.66,-0.012396,-1.2396
2020-07-24,3215.63,-0.00621,-0.621
2020-07-27,3239.41,0.007368,0.7368
2020-07-28,3218.44,-0.006494,-0.6494
2020-07-29,3258.44,0.012352,1.2352
2020-07-30,3246.22,-0.003757,-0.3757
2020-07-31,3271.12,0.007641,0.7641
2020-08-03,3294.61,0.007155,0.7155
2020-08-04,3306.51,0.003605,0.3605
2020-08-05,3327.77,0.006409,0.6409
2020-08-06,3349.16,0.006407,0.6407
2020-08-07,3351.28,0.000633,0.0633
2020-08-10,3360.47,0.002738,0.2738
2020-08-11,3333.69,-0.008001,-0.8001
2020-08-12,3380.35,0.0139,1.39
2020-08-13,3373.43,-0.002049,-0.2049
2020-08-14,3372.85,-0.000172,-0.0172
2020-08-17,3381.99,0.002706,0.2706
2020-08-18,3389.78,0.002301,0.2301
2020-08-19,3374.85,-0.004414,-0.4414
2020-08-20,3385.51,0.003154,0.3154
2020-08-21,3397.16,0.003435,0.3435
2020-08-24,3431.28,0.009994,0.9994
2020-08-25,3443.62,0.00359,0.359
2020-08-26,3478.73,0.010144,1.0144
2020-08-27,3484.55,0.001672,0.1672
2020-08-28,3508.01,0.00671,0.671
2020-08-31,3500.31,-0.002197,-0.2197
2020-09-01,3526.65,0.007497,0.7497
2020-09-02,3580.84,0.015249,1.5249
2020-09-03,3455.06,-0.035758,-3.5758
2020-09-04,3426.96,-0.008166,-0.8166
2020-09-08,3331.84,-0.028149,-2.8149
2020-09-09,3398.96,0.019945,1.9945
2020-09-10,3339.19,-0.017741,-1.7741
2020-09-11,3340.97,0.000533,0.0533
2020-09-14,3383.54,0.012661,1.2661
2020-09-15,3401.2,0.005206,0.5206
2020-09-16,3385.49,-0.00463,-0.463
2020-09-17,3357.01,-0.008448,-0.8448
2020-09-18,3319.47,-0.011246,-1.1246
2020-09-21,3281.06,-0.011639,-1.1639
2020-09-22,3315.57,0.010463,1.0463
2020-09-23,3236.92,-0.024007,-2.4007
2020-09-24,3246.59,0.002983,0.2983
2020-09-25,3298.46,0.01585,1.585
2020-09-28,3351.6,0.015982,1.5982
2020-09-29,3335.47,-0.004824,-0.4824
2020-09-30,3363.0,0.00822,0.822
2020-10-01,3380.8,0.005279,0.5279
2020-10-02,3348.42,-0.009624,-0.9624
2020-10-05,3408.6,0.017813,1.7813
2020-10-06,3360.97,-0.014072,-1.4072
2020-10-07,3419.44,0.017247,1.7247
2020-10-08,3446.83,0.007978,0.7978
2020-10-09,3477.14,0.008755,0.8755
2020-10-12,3534.22,0.016283,1.6283
2020-10-13,3511.93,-0.006327,-0.6327
2020-10-14,3488.67,-0.006645,-0.6645
2020-10-15,3483.34,-0.001529,-0.1529
2020-10-16,3483.81,0.000135,0.0135
2020-10-19,3426.92,-0.016465,-1.6465
2020-10-20,3443.12,0.004716,0.4716
2020-10-21,3435.56,-0.002198,-0.2198
2020-10-22,3453.49,0.005205,0.5205
2020-10-23,3465.39,0.00344,0.344
2020-10-26,3400.97,-0.018764,-1.8764
2020-10-27,3390.68,-0.00303,-0.303
2020-10-28,3271.03,-0.035926,-3.5926
2020-10-29,3310.11,0.011877,1.1877
2020-10-30,3269.96,-0.012204,-1.2204
2020-11-02,3310.24,0.012243,1.2243
2020-11-03,3369.16,0.017643,1.7643
2020-11-04,3443.44,0.021808,2.1808
2020-11-05,3510.45,0.019273,1.9273
2020-11-06,3509.44,-0.000288,-0.0288
2020-11-09,3550.5,0.011632,1.1632
2020-11-10,3545.53,-0.001401,-0.1401
2020-11-11,3572.66,0.007623,0.7623
2020-11-12,3537.01,-0.010029,-1.0029
2020-11-13,3585.15,0.013519,1.3519
2020-11-16,3626.91,0.011581,1.1581
2020-11-17,3609.53,-0.004803,-0.4803
2020-11-18,3567.79,-0.011631,-1.1631
2020-11-19,3581.87,0.003939,0.3939
2020-11-20,3557.54,-0.006816,-0.6816
2020-11-23,3577.59,0.00562,0.562
2020-11-24,3635.41,0.016032,1.6032
2020-11-25,3629.65,-0.001586,-0.1586
2020-11-27,3638.35,0.002394,0.2394
2020-11-30,3621.63,-0.004606,-0.4606
2020-12-01,3662.45,0.011208,1.1208
2020-12-02,3669.01,0.00179,0.179
2020-12-03,3666.72,-0.000624,-0.0624
2020-12-04,3699.12,0.008797,0.8797
2020-12-07,3691.96,-0.001938,-0.1938
2020-12-08,3702.25,0.002783,0.2783
2020-12-09,3672.82,-0.007981,-0.7981
2020-12-10,3668.1,-0.001286,-0.1286
2020-12-11,3663.46,-0.001266,-0.1266
2020-12-14,3647.49,-0.004369,-0.4369
2020-12-15,3694.62,0.012838,1.2838
2020-12-16,3701.17,0.001771,0.1771
2020-12-17,3722.48,0.005741,0.5741
2020-12-18,3709.41,-0.003517,-0.3517
2020-12-21,3694.92,-0.003914,-0.3914
2020-12-22,3687.26,-0.002075,-0.2075
2020-12-23,3690.01,0.000746,0.0746
2020-12-24,3703.06,0.00353,0.353
2020-12-28,3735.36,0.008685,0.8685
2020-12-29,3727.04,-0.00223,-0.223
2020-12-30,3732.04,0.001341,0.1341
2020-12-31,3756.07,0.006418,0.6418
2021-01-04,3700.65,-0.014865,-1.4865
2021-01-05,3726.86,0.007058,0.7058
2021-01-06,3748.14,0.005694,0.5694
2021-01-07,3803.79,0.014738,1.4738
2021-01-08,3824.68,0.005477,0.5477
2021-01-11,3799.61,-0.006576,-0.6576
2021-01-12,3801.19,0.000416,0.0416
2021-01-13,3809.84,0.002273,0.2273
2021-01-14,3795.54,-0.003761,-0.3761
2021-01-15,3768.25,-0.007216,-0.7216
2021-01-19,3798.91,0.008103,0.8103
2021-01-20,3851.85,0.013839,1.3839
2021-01-21,3853.07,0.000317,0.0317
2021-01-22,3841.47,-0.003015,-0.3015
2021-01-25,3855.36,0.003609,0.3609
2021-01-26,3849.62,-0.00149,-0.149
2021-01-27,3750.77,-0.026013,-2.6013
2021-01-28,3787.38,0.009713,0.9713
2021-01-29,3714.24,-0.0195,-1.95
2021-02-01,3773.86,0.015924,1.5924
2021-02-02,3826.31,0.013803,1.3803
2021-02-03,3830.17,0.001008,0.1008
2021-02-04,3871.74,0.010795,1.0795
2021-02-05,3886.83,0.00389,0.389
2021-02-08,3915.59,0.007372,0.7372
2021-02-09,3911.23,-0.001114,-0.1114
2021-02-10,3909.88,-0.000345,-0.0345
2021-02-11,3916.38,0.001661,0.1661
2021-02-12,3934.83,0.0047,0.47
2021-02-16,3932.59,-0.000569,-0.0569
2021-02-17,3931.33,-0.00032,-0.032
2021-02-18,3913.97,-0.004426,-0.4426
2021-02-19,3906.71,-0.001857,-0.1857
2021-02-22,3876.5,-0.007763,-0.7763
2021-02-23,3881.37,0.001256,0.1256
2021-02-24,3925.43,0.011288,1.1288
2021-02-25,3829.34,-0.024783,-2.4783
2021-02-26,3811.15,-0.004762,-0.4762
2021-03-01,3901.82,0.023512,2.3512
2021-03-02,3870.29,-0.008114,-0.8114
2021-03-03,3819.72,-0.013152,-1.3152
2021-03-04,3768.47,-0.013508,-1.3508
2021-03-05,3841.94,0.019308,1.9308
2021-03-08,3821.35,-0.005374,-0.5374
2021-03-09,3875.44,0.014055,1.4055
2021-03-10,3898.81,0.006012,0.6012
2021-03-11,3939.34,0.010342,1.0342
2021-03-12,3943.34,0.001015,0.1015
2021-03-15,3968.94,0.006471,0.6471
2021-03-16,3962.71,-0.001571,-0.1571
2021-03-17,3974.12,0.002875,0.2875
2021-03-18,3915.46,-0.014871,-1.4871
2021-03-19,3913.1,-0.000603,-0.0603
2021-03-22,3940.59,0.007001,0.7001
2021-03-23,3910.52,-0.00766,-0.766
2021-03-24,3889.14,-0.005482,-0.5482
2021-03-25,3909.52,0.005227,0.5227
2021-03-26,3974.54,0.016494,1.6494
2021-03-29,3971.09,-0.000868,-0.0868
2021-03-30,3958.55,-0.003163,-0.3163
2021-03-31,3972.89,0.003616,0.3616
2021-04-01,4019.87,0.011756,1.1756
2021-04-05,4077.91,0.014335,1.4335
2021-04-06,4073.94,-0.000974,-0.0974
2021-04-07,4079.95,0.001474,0.1474
2021-04-08,4097.17,0.004212,0.4212
2021-04-09,4128.8,0.00769,0.769
2021-04-12,4127.99,-0.000196,-0.0196
2021-04-13,4141.59,0.003289,0.3289
2021-04-14,4124.66,-0.004096,-0.4096
2021-04-15,4170.42,0.011033,1.1033
2021-04-16,4185.47,0.003602,0.3602
2021-04-19,4163.26,-0.005321,-0.5321
2021-04-20,4134.94,-0.006826,-0.6826
2021-04-21,4173.42,0.009263,0.9263
2021-04-22,4134.98,-0.009253,-0.9253
2021-04-23,4180.17,0.010869,1.0869
2021-04-26,4187.62,0.001781,0.1781
2021-04-27,4186.72,-0.000215,-0.0215
2021-04-28,4183.18,-0.000846,-0.0846
2021-04-29,4211.47,0.00674,0.674
2021-04-30,4181.17,-0.007221,-0.7221
2021-05-03,4192.66,0.002744,0.2744
2021-05-04,4164.66,-0.006701,-0.6701
2021-05-05,4167.59,0.000703,0.0703
2021-05-06,4201.62,0.008132,0.8132
2021-05-07,4232.6,0.007346,0.7346
2021-05-10,4188.43,-0.01049,-1.049
2021-05-11,4152.1,-0.008712,-0.8712
2021-05-12,4063.04,-0.021683,-2.1683
2021-05-13,4112.5,0.0121,1.21
2021-05-14,4173.85,0.014808,1.4808
2021-05-17,4163.29,-0.002533,-0.2533
2021-05-18,4127.83,-0.008554,-0.8554
2021-05-19,4115.68,-0.002948,-0.2948
2021-05-20,4159.12,0.010499,1.0499
2021-05-21,4155.86,-0.000784,-0.0784
2021-05-24,4197.05,0.009862,0.9862
2021-05-25,4188.13,-0.002128,-0.2128
2021-05-26,4195.99,0.001875,0.1875
2021-05-27,4200.88,0.001165,0.1165
2021-05-28,4204.11,0.000769,0.0769
2021-06-01,4202.04,-0.000492,-0.0492
2021-06-02,4208.12,0.001446,0.1446
2021-06-03,4192.85,-0.003635,-0.3635
2021-06-04,4229.89,0.008795,0.8795
2021-06-07,4226.52,-0.000797,-0.0797
2021-06-08,4227.26,0.000175,0.0175
2021-06-09,4219.55,-0.001826,-0.1826
2021-06-10,4239.18,0.004641,0.4641
2021-06-11,4247.44,0.001947,0.1947
2021-06-14,4255.15,0.001814,0.1814
2021-06-15,4246.59,-0.002014,-0.2014
2021-06-16,4223.7,-0.005405,-0.5405
2021-06-17,4221.86,-0.000436,-0.0436
2021-06-18,4166.45,-0.013211,-1.3211
2021-06-21,4224.79,0.013905,1.3905
2021-06-22,4246.44,0.005111,0.5111
2021-06-23,4241.84,-0.001084,-0.1084
2021-06-24,4266.49,0.005794,0.5794
2021-06-25,4280.7,0.003325,0.3325
2021-06-28,4290.61,0.002312,0.2312
2021-06-29,4291.8,0.000277,0.0277
2021-06-30,4297.5,0.001327,0.1327
2021-07-01,4319.94,0.005208,0.5208
2021-07-02,4352.34,0.007472,0.7472
2021-07-06,4343.54,-0.002024,-0.2024
2021-07-07,4358.13,0.003353,0.3353
2021-07-08,4320.82,-0.008598,-0.8598
2021-07-09,4369.55,0.011215,1.1215
2021-07-12,4384.63,0.003445,0.3445
2021-07-13,4369.21,-0.003523,-0.3523
2021-07-14,4374.3,0.001164,0.1164
2021-07-15,4360.03,-0.003268,-0.3268
2021-07-16,4327.16,-0.007567,-0.7567
2021-07-19,4258.49,-0.015997,-1.5997
2021-07-20,4323.06,0.015049,1.5049
2021-07-21,4358.69,0.008208,0.8208
2021-07-22,4367.48,0.002015,0.2015
2021-07-23,4411.79,0.010094,1.0094
2021-07-26,4422.3,0.002379,0.2379
2021-07-27,4401.46,-0.004724,-0.4724
2021-07-28,4400.64,-0.000186,-0.0186
2021-07-29,4419.15,0.004197,0.4197
2021-07-30,4395.26,-0.005421,-0.5421
2021-08-02,4387.16,-0.001845,-0.1845
2021-08-03,4423.15,0.00817,0.817
2021-08-04,4402.66,-0.004643,-0.4643
2021-08-05,4429.1,0.005987,0.5987
2021-08-06,4436.52,0.001674,0.1674
2021-08-09,4432.35,-0.00094,-0.094
2021-08-10,4436.75,0.000992,0.0992
2021-08-11,4442.41,0.001275,0.1275
2021-08-12,4460.83,0.004138,0.4138
2021-08-13,4468.0,0.001606,0.1606
2021-08-16,4479.71,0.002617,0.2617
2021-08-17,4448.08,-0.007086,-0.7086
2021-08-18,4400.27,-0.010807,-1.0807
2021-08-19,4405.8,0.001256,0.1256
2021-08-20,4441.67,0.008109,0.8109
2021-08-23,4479.53,0.008488,0.8488
2021-08-24,4486.23,0.001495,0.1495
2021-08-25,4496.19,0.002218,0.2218
2021-08-26,4470.0,-0.005842,-0.5842
2021-08-27,4509.37,0.008769,0.8769
2021-08-30,4528.79,0.004297,0.4297
2021-08-31,4522.68,-0.00135,-0.135
2021-09-01,4524.09,0.000312,0.0312
2021-09-02,4536.95,0.002839,0.2839
2021-09-03,4535.43,-0.000335,-0.0335
2021-09-07,4520.03,-0.003401,-0.3401
2021-09-08,4514.07,-0.001319,-0.1319
2021-09-09,4493.28,-0.004616,-0.4616
2021-09-10,4458.58,-0.007753,-0.7753
2021-09-13,4468.73,0.002274,0.2274
2021-09-14,4443.05,-0.005763,-0.5763
2021-09-15,4480.7,0.008438,0.8438
2021-09-16,4473.75,-0.001552,-0.1552
2021-09-17,4432.99,-0.009153,-0.9153
2021-09-20,4357.73,-0.017123,-1.7123
2021-09-21,4354.19,-0.000813,-0.0813
2021-09-22,4395.64,0.009475,0.9475
2021-09-23,4448.98,0.012062,1.2062
2021-09-24,4455.48,0.00146,0.146
2021-09-27,4443.11,-0.00278,-0.278
2021-09-28,4352.63,-0.020574,-2.0574
2021-09-29,4359.46,0.001568,0.1568
2021-09-30,4307.54,-0.011981,-1.1981
2021-10-01,4357.04,0.011426,1.1426
2021-10-04,4300.46,-0.013071,-1.3071
2021-10-05,4345.72,0.01047,1.047
2021-10-06,4363.55,0.004094,0.4094
2021-10-07,4399.76,0.008264,0.8264
2021-10-08,4391.34,-0.001916,-0.1916
2021-10-11,4361.19,-0.006889,-0.6889
2021-10-12,4350.65,-0.00242,-0.242
2021-10-13,4363.8,0.003018,0.3018
2021-10-14,4438.26,0.016919,1.6919
2021-10-15,4471.37,0.007433,0.7433
2021-10-18,4486.46,0.003369,0.3369
2021-10-19,4519.63,0.007366,0.7366
2021-10-20,4536.19,0.003657,0.3657
2021-10-21,4549.78,0.002991,0.2991
2021-10-22,4544.9,-0.001073,-0.1073
2021-10-25,4566.48,0.004737,0.4737
2021-10-26,4574.79,0.001818,0.1818
2021-10-27,4551.68,-0.005064,-0.5064
2021-10-28,4596.42,0.009781,0.9781
2021-10-29,4605.38,0.001947,0.1947
2021-11-01,4613.67,0.001798,0.1798
2021-11-02,4630.65,0.003674,0.3674
2021-11-03,4660.57,0.00644,0.644
2021-11-04,4680.06,0.004173,0.4173
2021-11-05,4697.53,0.003726,0.3726
2021-11-08,4701.7,0.000887,0.0887
2021-11-09,4685.25,-0.003505,-0.3505
2021-11-10,4646.71,-0.00826,-0.826
2021-11-11,4649.27,0.000551,0.0551
2021-11-12,4682.85,0.007197,0.7197
2021-11-15,4682.8,-1.1e-05,-0.0011
2021-11-16,4700.9,0.003858,0.3858
2021-11-17,4688.67,-0.002605,-0.2605
2021-11-18,4704.54,0.003379,0.3379
2021-11-19,4697.96,-0.0014,-0.14
2021-11-22,4682.94,-0.003202,-0.3202
2021-11-23,4690.7,0.001656,0.1656
2021-11-24,4701.46,0.002291,0.2291
2021-11-26,4594.62,-0.022987,-2.2987
2021-11-29,4655.27,0.013114,1.3114
2021-11-30,4567.0,-0.019143,-1.9143
2021-12-01,4513.04,-0.011886,-1.1886
2021-12-02,4577.1,0.014095,1.4095
2021-12-03,4538.43,-0.008484,-0.8484
2021-12-06,4591.67,0.011663,1.1663
2021-12-07,4686.75,0.020496,2.0496
2021-12-08,4701.21,0.003081,0.3081
2021-12-09,4667.45,-0.007207,-0.7207
2021-12-10,4712.02,0.009504,0.9504
2021-12-13,4668.97,-0.009178,-0.9178
2021-12-14,4634.09,-0.007499,-0.7499
2021-12-15,4709.85,0.016216,1.6216
2021-12-16,4668.67,-0.008782,-0.8782
2021-12-17,4620.64,-0.010341,-1.0341
2021-12-20,4568.02,-0.011453,-1.1453
2021-12-21,4649.23,0.017622,1.7622
2021-12-22,4696.56,0.010129,1.0129
2021-12-23,4725.79,0.006204,0.6204
2021-12-27,4791.19,0.013744,1.3744
2021-12-28,4786.35,-0.001011,-0.1011
2021-12-29,4793.06,0.001401,0.1401
2021-12-30,4778.73,-0.002994,-0.2994
2021-12-31,4766.18,-0.00263,-0.263
2022-01-03,4796.56,0.006354,0.6354
2022-01-04,4793.54,-0.00063,-0.063
2022-01-05,4700.58,-0.019583,-1.9583
2022-01-06,4696.05,-0.000964,-0.0964
2022-01-07,4677.03,-0.004058,-0.4058
2022-01-10,4670.29,-0.001442,-0.1442
2022-01-11,4713.07,0.009118,0.9118
2022-01-12,4726.35,0.002814,0.2814
2022-01-13,4659.03,-0.014346,-1.4346
2022-01-14,4662.85,0.00082,0.082
2022-01-18,4577.11,-0.018559,-1.8559
2022-01-19,4532.76,-0.009737,-0.9737
2022-01-20,4482.73,-0.011099,-1.1099
2022-01-21,4397.94,-0.019096,-1.9096
2022-01-24,4410.13,0.002768,0.2768
2022-01-25,4356.45,-0.012247,-1.2247
2022-01-26,4349.93,-0.001498,-0.1498
2022-01-27,4326.51,-0.005399,-0.5399
2022-01-28,4431.85,0.024056,2.4056
2022-01-31,4515.55,0.01871,1.871
2022-02-01,4546.54,0.00684,0.684
2022-02-02,4589.38,0.009378,0.9378
2022-02-03,4477.44,-0.024693,-2.4693
2022-02-04,4500.53,0.005144,0.5144
2022-02-07,4483.87,-0.003709,-0.3709
2022-02-08,4521.54,0.008366,0.8366
2022-02-09,4587.18,0.014413,1.4413
2022-02-10,4504.08,-0.018282,-1.8282
2022-02-11,4418.64,-0.019152,-1.9152
2022-02-14,4401.67,-0.003848,-0.3848
2022-02-15,4471.07,0.015644,1.5644
2022-02-16,4475.01,0.000881,0.0881
2022-02-17,4380.26,-0.021401,-2.1401
2022-02-18,4348.87,-0.007192,-0.7192
2022-02-22,4304.76,-0.010195,-1.0195
2022-02-23,4225.5,-0.018584,-1.8584
2022-02-24,4288.7,0.014846,1.4846
2022-02-25,4384.65,0.022126,2.2126
2022-02-28,4373.94,-0.002446,-0.2446
2022-03-01,4306.26,-0.015594,-1.5594
2022-03-02,4386.54,0.018471,1.8471
2022-03-03,4363.49,-0.005269,-0.5269
2022-03-04,4328.87,-0.007966,-0.7966
2022-03-07,4201.09,-0.029963,-2.9963
2022-03-08,4170.7,-0.00726,-0.726
2022-03-09,4277.88,0.025374,2.5374
2022-03-10,4259.52,-0.004301,-0.4301
2022-03-11,4204.31,-0.013046,-1.3046
2022-03-14,4173.11,-0.007449,-0.7449
2022-03-15,4262.45,0.021183,2.1183
2022-03-16,4357.86,0.022137,2.2137
2022-03-17,4411.67,0.012272,1.2272
2022-03-18,4463.12,0.011595,1.1595
2022-03-21,4461.18,-0.000435,-0.0435
2022-03-22,4511.61,0.011241,1.1241
2022-03-23,4456.24,-0.012349,-1.2349
2022-03-24,4520.16,0.014242,1.4242
2022-03-25,4543.06,0.005053,0.5053
2022-03-28,4575.52,0.00712,0.712
2022-03-29,4631.6,0.012182,1.2182
2022-03-30,4602.45,-0.006314,-0.6314
2022-03-31,4530.41,-0.015776,-1.5776
2022-04-01,4545.86,0.003404,0.3404
2022-04-04,4582.64,0.008058,0.8058
2022-04-05,4525.12,-0.012631,-1.2631
2022-04-06,4481.15,-0.009764,-0.9764
2022-04-07,4500.21,0.004244,0.4244
2022-04-08,4488.28,-0.002655,-0.2655
2022-04-11,4412.53,-0.017021,-1.7021
2022-04-12,4397.45,-0.003423,-0.3423
2022-04-13,4446.59,0.011113,1.1113
2022-04-14,4392.59,-0.012218,-1.2218
2022-04-18,4391.69,-0.000205,-0.0205
2022-04-19,4462.21,0.01593,1.593
2022-04-20,4459.45,-0.000619,-0.0619
2022-04-21,4393.66,-0.014863,-1.4863
2022-04-22,4271.78,-0.028132,-2.8132
2022-04-25,4296.12,0.005682,0.5682
2022-04-26,4175.2,-0.02855,-2.855
2022-04-27,4183.96,0.002096,0.2096
2022-04-28,4287.5,0.024446,2.4446
2022-04-29,4131.93,-0.036959,-3.6959
2022-05-02,4155.38,0.005659,0.5659
2022-05-03,4175.48,0.004825,0.4825
2022-05-04,4300.17,0.029425,2.9425
2022-05-05,4146.87,-0.036301,-3.6301
2022-05-06,4123.34,-0.00569,-0.569
2022-05-09,3991.24,-0.032562,-3.2562
2022-05-10,4001.05,0.002455,0.2455
2022-05-11,3935.18,-0.0166,-1.66
2022-05-12,3930.08,-0.001297,-0.1297
2022-05-13,4023.89,0.023589,2.3589
2022-05-16,4008.01,-0.003954,-0.3954
2022-05-17,4088.85,0.019969,1.9969
2022-05-18,3923.68,-0.041234,-4.1234
2022-05-19,3900.79,-0.005851,-0.5851
2022-05-20,3901.36,0.000146,0.0146
2022-05-23,3973.75,0.018385,1.8385
2022-05-24,3941.48,-0.008154,-0.8154
2022-05-25,3978.73,0.009406,0.9406
2022-05-26,4057.84,0.019688,1.9688
2022-05-27,4158.24,0.024441,2.4441
2022-05-31,4132.15,-0.006294,-0.6294
2022-06-01,4101.23,-0.007511,-0.7511
2022-06-02,4176.82,0.018263,1.8263
2022-06-03,4108.54,-0.016482,-1.6482
2022-06-06,4121.43,0.003132,0.3132
2022-06-07,4160.68,0.009478,0.9478
2022-06-08,4115.77,-0.010853,-1.0853
2022-06-09,4017.82,-0.024086,-2.4086
2022-06-10,3900.86,-0.029542,-2.9542
2022-06-13,3749.63,-0.03954,-3.954
2022-06-14,3735.48,-0.003781,-0.3781
2022-06-15,3789.99,0.014487,1.4487
2022-06-16,3666.77,-0.033052,-3.3052
2022-06-17,3674.84,0.002198,0.2198
2022-06-21,3764.79,0.024182,2.4182
2022-06-22,3759.89,-0.001302,-0.1302
2022-06-23,3795.73,0.009487,0.9487
2022-06-24,3911.74,0.030106,3.0106
2022-06-27,3900.11,-0.002977,-0.2977
2022-06-28,3821.55,-0.020349,-2.0349
2022-06-29,3818.83,-0.000712,-0.0712
2022-06-30,3785.38,-0.008798,-0.8798
2022-07-01,3825.33,0.010499,1.0499
2022-07-05,3831.39,0.001583,0.1583
2022-07-06,3845.08,0.003567,0.3567
2022-07-07,3902.62,0.014854,1.4854
2022-07-08,3899.38,-0.000831,-0.0831
2022-07-11,3854.43,-0.011594,-1.1594
2022-07-12,3818.8,-0.009287,-0.9287
2022-07-13,3801.78,-0.004467,-0.4467
2022-07-14,3790.38,-0.003003,-0.3003
2022-07-15,3863.16,0.019019,1.9019
2022-07-18,3830.85,-0.008399,-0.8399
2022-07-19,3936.69,0.027254,2.7254
2022-07-20,3959.9,0.005878,0.5878
2022-07-21,3998.95,0.009813,0.9813
2022-07-22,3961.63,-0.009376,-0.9376
2022-07-25,3966.84,0.001314,0.1314
2022-07-26,3921.05,-0.01161,-1.161
2022-07-27,4023.61,0.02582,2.582
2022-07-28,4072.43,0.01206,1.206
2022-07-29,4130.29,0.014108,1.4108
2022-08-01,4118.63,-0.002827,-0.2827
2022-08-02,4091.19,-0.006685,-0.6685
2022-08-03,4155.17,0.015517,1.5517
2022-08-04,4151.94,-0.000778,-0.0778
2022-08-05,4145.19,-0.001627,-0.1627
2022-08-08,4140.06,-0.001238,-0.1238
2022-08-09,4122.47,-0.004258,-0.4258
2022-08-10,4210.24,0.021067,2.1067
2022-08-11,4207.27,-0.000706,-0.0706
2022-08-12,4280.15,0.017174,1.7174
2022-08-15,4297.14,0.003962,0.3962
2022-08-16,4305.2,0.001874,0.1874
2022-08-17,4274.04,-0.007264,-0.7264
2022-08-18,4283.74,0.002267,0.2267
2022-08-19,4228.48,-0.012984,-1.2984
2022-08-22,4137.99,-0.021632,-2.1632
2022-08-23,4128.73,-0.00224,-0.224
2022-08-24,4140.77,0.002912,0.2912
2022-08-25,4199.12,0.013993,1.3993
2022-08-26,4057.66,-0.034269,-3.4269
2022-08-29,4030.61,-0.006689,-0.6689
2022-08-30,3986.16,-0.011089,-1.1089
2022-08-31,3955.0,-0.007848,-0.7848
2022-09-01,3966.85,0.002992,0.2992
2022-09-02,3924.26,-0.010795,-1.0795
2022-09-06,3908.19,-0.004103,-0.4103
2022-09-07,3979.87,0.018175,1.8175
2022-09-08,4006.18,0.006589,0.6589
2022-09-09,4067.36,0.015156,1.5156
2022-09-12,4110.41,0.010529,1.0529
2022-09-13,3932.69,-0.044199,-4.4199
2022-09-14,3946.01,0.003381,0.3381
2022-09-15,3901.35,-0.011382,-1.1382
2022-09-16,3873.33,-0.007208,-0.7208
2022-09-19,3899.89,0.006834,0.6834
2022-09-20,3855.93,-0.011336,-1.1336
2022-09-21,3789.93,-0.017265,-1.7265
2022-09-22,3757.99,-0.008463,-0.8463
2022-09-23,3693.23,-0.017383,-1.7383
2022-09-26,3655.04,-0.010394,-1.0394
2022-09-27,3647.29,-0.002123,-0.2123
2022-09-28,3719.04,0.019481,1.9481
2022-09-29,3640.47,-0.021353,-2.1353
2022-09-30,3585.62,-0.015181,-1.5181
2022-10-03,3678.43,0.025555,2.5555
2022-10-04,3790.93,0.030125,3.0125
2022-10-05,3783.28,-0.00202,-0.202
2022-10-06,3744.52,-0.010298,-1.0298
2022-10-07,3639.66,-0.028403,-2.8403
2022-10-10,3612.39,-0.007521,-0.7521
2022-10-11,3588.84,-0.006541,-0.6541
2022-10-12,3577.03,-0.003296,-0.3296
2022-10-13,3669.91,0.025634,2.5634
2022-10-14,3583.07,-0.023947,-2.3947
2022-10-17,3677.95,0.026136,2.6136
2022-10-18,3719.98,0.011363,1.1363
2022-10-19,3695.16,-0.006694,-0.6694
2022-10-20,3665.78,-0.007983,-0.7983
2022-10-21,3752.75,0.023448,2.3448
2022-10-24,3797.34,0.011812,1.1812
2022-10-25,3859.11,0.016136,1.6136
2022-10-26,3830.6,-0.007415,-0.7415
2022-10-27,3807.3,-0.006101,-0.6101
2022-10-28,3901.06,0.024328,2.4328
2022-10-31,3871.98,-0.007482,-0.7482
2022-11-01,3856.1,-0.00411,-0.411
2022-11-02,3759.69,-0.02532,-2.532
2022-11-03,3719.89,-0.010642,-1.0642
2022-11-04,3770.55,0.013527,1.3527
2022-11-07,3806.8,0.009568,0.9568
2022-11-08,3828.11,0.005582,0.5582
2022-11-09,3748.57,-0.020997,-2.0997
2022-11-10,3956.37,0.053953,5.3953
2022-11-11,3992.93,0.009198,0.9198
2022-11-14,3957.25,-0.008976,-0.8976
2022-11-15,3991.73,0.008675,0.8675
2022-11-16,3958.79,-0.008286,-0.8286
2022-11-17,3946.56,-0.003094,-0.3094
2022-11-18,3965.34,0.004747,0.4747
2022-11-21,3949.94,-0.003891,-0.3891
2022-11-22,4003.58,0.013489,1.3489
2022-11-23,4027.26,0.005897,0.5897
2022-11-25,4026.12,-0.000283,-0.0283
2022-11-28,3963.94,-0.015565,-1.5565
2022-11-29,3957.63,-0.001593,-0.1593
2022-11-30,4080.11,0.030479,3.0479
2022-12-01,4076.57,-0.000868,-0.0868
2022-12-02,4071.7,-0.001195,-0.1195
2022-12-05,3998.84,-0.018056,-1.8056
2022-12-06,3941.26,-0.014504,-1.4504
2022-12-07,3933.92,-0.001864,-0.1864
2022-12-08,3963.51,0.007494,0.7494
2022-12-09,3934.38,-0.007377,-0.7377
2022-12-12,3990.56,0.014178,1.4178
2022-12-13,4019.65,0.007263,0.7263
2022-12-14,3995.32,-0.006071,-0.6071
2022-12-15,3895.75,-0.025237,-2.5237
2022-12-16,3852.36,-0.0112,-1.12
2022-12-19,3817.66,-0.009048,-0.9048
2022-12-20,3821.62,0.001037,0.1037
2022-12-21,3878.44,0.014759,1.4759
2022-12-22,3822.39,-0.014557,-1.4557
2022-12-23,3844.82,0.005851,0.5851
2022-12-27,3829.25,-0.004058,-0.4058
2022-12-28,3783.22,-0.012093,-1.2093
2022-12-29,3849.28,0.017311,1.7311
2022-12-30,3839.5,-0.002544,-0.2544
2023-01-03,3824.14,-0.004009,-0.4009
2023-01-04,3852.97,0.007511,0.7511
2023-01-05,3808.1,-0.011714,-1.1714
2023-01-06,3895.08,0.022584,2.2584
2023-01-09,3892.09,-0.000768,-0.0768
2023-01-10,3919.25,0.006954,0.6954
2023-01-11,3969.61,0.012768,1.2768
2023-01-12,3983.17,0.00341,0.341
2023-01-13,3999.09,0.003989,0.3989
2023-01-17,3990.97,-0.002033,-0.2033
2023-01-18,3928.86,-0.015685,-1.5685
2023-01-19,3898.85,-0.007668,-0.7668
2023-01-20,3972.61,0.018742,1.8742
2023-01-23,4019.81,0.011811,1.1811
2023-01-24,4016.95,-0.000712,-0.0712
2023-01-25,4016.22,-0.000182,-0.0182
2023-01-26,4060.43,0.010948,1.0948
2023-01-27,4070.56,0.002492,0.2492
2023-01-30,4017.77,-0.013054,-1.3054
2023-01-31,4076.6,0.014536,1.4536
2023-02-01,4119.21,0.010398,1.0398
2023-02-02,4179.76,0.014592,1.4592
2023-02-03,4136.48,-0.010409,-1.0409
2023-02-06,4111.08,-0.006159,-0.6159
2023-02-07,4164.0,0.01279,1.279
2023-02-08,4117.86,-0.011143,-1.1143
2023-02-09,4081.5,-0.008869,-0.8869
2023-02-10,4090.46,0.002193,0.2193
2023-02-13,4137.29,0.011384,1.1384
2023-02-14,4136.13,-0.00028,-0.028
2023-02-15,4147.6,0.002769,0.2769
2023-02-16,4090.41,-0.013885,-1.3885
2023-02-17,4079.09,-0.002771,-0.2771
2023-02-21,3997.34,-0.020245,-2.0245
2023-02-22,3991.05,-0.001575,-0.1575
2023-02-23,4012.32,0.005315,0.5315
2023-02-24,3970.04,-0.010593,-1.0593
2023-02-27,3982.24,0.003068,0.3068
2023-02-28,3970.15,-0.003041,-0.3041
2023-03-01,3951.39,-0.004736,-0.4736
2023-03-02,3981.35,0.007554,0.7554
2023-03-03,4045.64,0.016019,1.6019
2023-03-06,4048.42,0.000687,0.0687
2023-03-07,3986.37,-0.015446,-1.5446
2023-03-08,3992.01,0.001414,0.1414
2023-03-09,3918.32,-0.018632,-1.8632
2023-03-10,3861.59,-0.014584,-1.4584
2023-03-13,3855.76,-0.001511,-0.1511
2023-03-14,3919.29,0.016342,1.6342
2023-03-15,3891.93,-0.007005,-0.7005
2023-03-16,3960.28,0.01741,1.741
2023-03-17,3916.64,-0.011081,-1.1081
2023-03-20,3951.57,0.008879,0.8879
2023-03-21,4002.87,0.012899,1.2899
2023-03-22,3936.97,-0.0166,-1.66
2023-03-23,3948.72,0.00298,0.298
2023-03-24,3970.99,0.005624,0.5624
2023-03-27,3977.53,0.001646,0.1646
2023-03-28,3971.27,-0.001575,-0.1575
2023-03-29,4027.81,0.014137,1.4137
2023-03-30,4050.83,0.005699,0.5699
2023-03-31,4109.31,0.014333,1.4333
2023-04-03,4124.51,0.003692,0.3692
2023-04-04,4100.6,-0.005814,-0.5814
2023-04-05,4090.38,-0.002495,-0.2495
2023-04-06,4105.02,0.003573,0.3573
2023-04-10,4109.11,0.000996,0.0996
2023-04-11,4108.94,-4.1e-05,-0.0041
2023-04-12,4091.95,-0.004143,-0.4143
2023-04-13,4146.22,0.013176,1.3176
2023-04-14,4137.64,-0.002072,-0.2072
2023-04-17,4151.32,0.003301,0.3301
2023-04-18,4154.87,0.000855,0.0855
2023-04-19,4154.52,-8.4e-05,-0.0084
2023-04-20,4129.79,-0.00597,-0.597
2023-04-21,4133.52,0.000903,0.0903
2023-04-24,4137.04,0.000851,0.0851
2023-04-25,4071.63,-0.015937,-1.5937
2023-04-26,4055.99,-0.003849,-0.3849
2023-04-27,4135.35,0.019377,1.9377
2023-04-28,4169.48,0.008219,0.8219
2023-05-01,4167.87,-0.000386,-0.0386
2023-05-02,4119.58,-0.011654,-1.1654
2023-05-03,4090.75,-0.007023,-0.7023
2023-05-04,4061.22,-0.007245,-0.7245
2023-05-05,4136.25,0.018306,1.8306
2023-05-08,4138.12,0.000452,0.0452
2023-05-09,4119.17,-0.00459,-0.459
2023-05-10,4137.64,0.004474,0.4474
2023-05-11,4130.62,-0.001698,-0.1698
2023-05-12,4124.08,-0.001585,-0.1585
2023-05-15,4136.28,0.002954,0.2954
2023-05-16,4109.9,-0.006398,-0.6398
2023-05-17,4158.77,0.011821,1.1821
2023-05-18,4198.05,0.009401,0.9401
2023-05-19,4191.98,-0.001447,-0.1447
2023-05-22,4192.63,0.000155,0.0155
2023-05-23,4145.58,-0.011285,-1.1285
2023-05-24,4115.24,-0.007346,-0.7346
2023-05-25,4151.28,0.008719,0.8719
2023-05-26,4205.45,0.012965,1.2965
2023-05-30,4205.52,1.7e-05,0.0017
2023-05-31,4179.83,-0.006127,-0.6127
2023-06-01,4221.02,0.009806,0.9806
2023-06-02,4282.37,0.01443,1.443
2023-06-05,4273.79,-0.002006,-0.2006
2023-06-06,4283.85,0.002351,0.2351
2023-06-07,4267.52,-0.003819,-0.3819
2023-06-08,4293.93,0.00617,0.617
2023-06-09,4298.86,0.001147,0.1147
2023-06-12,4338.93,0.009278,0.9278
2023-06-13,4369.01,0.006909,0.6909
2023-06-14,4372.59,0.000819,0.0819
2023-06-15,4425.84,0.012105,1.2105
2023-06-16,4409.59,-0.003678,-0.3678
2023-06-20,4388.71,-0.004746,-0.4746
2023-06-21,4365.69,-0.005259,-0.5259
2023-06-22,4381.89,0.003704,0.3704
2023-06-23,4348.33,-0.007688,-0.7688
2023-06-26,4328.82,-0.004497,-0.4497
2023-06-27,4378.41,0.011391,1.1391
2023-06-28,4376.86,-0.000354,-0.0354
2023-06-29,4396.44,0.004464,0.4464
2023-06-30,4450.38,0.012194,1.2194
2023-07-03,4455.59,0.00117,0.117
2023-07-05,4446.82,-0.00197,-0.197
2023-07-06,4411.59,-0.007954,-0.7954
2023-07-07,4398.95,-0.002869,-0.2869
2023-07-10,4409.53,0.002402,0.2402
2023-07-11,4439.26,0.00672,0.672
2023-07-12,4472.16,0.007384,0.7384
2023-07-13,4510.04,0.008434,0.8434
2023-07-14,4505.42,-0.001025,-0.1025
2023-07-17,4522.79,0.003848,0.3848
2023-07-18,4554.98,0.007092,0.7092
2023-07-19,4565.72,0.002355,0.2355
2023-07-20,4534.87,-0.00678,-0.678
2023-07-21,4536.34,0.000324,0.0324
2023-07-24,4554.64,0.004026,0.4026
2023-07-25,4567.46,0.002811,0.2811
2023-07-26,4566.75,-0.000155,-0.0155
2023-07-27,4537.41,-0.006445,-0.6445
2023-07-28,4582.23,0.009829,0.9829
2023-07-31,4588.96,0.001468,0.1468
2023-08-01,4576.73,-0.002669,-0.2669
2023-08-02,4513.39,-0.013936,-1.3936
2023-08-03,4501.89,-0.002551,-0.2551
2023-08-04,4478.03,-0.005314,-0.5314
2023-08-07,4518.44,0.008984,0.8984
2023-08-08,4499.38,-0.004227,-0.4227
2023-08-09,4467.71,-0.007064,-0.7064
2023-08-10,4468.83,0.000251,0.0251
2023-08-11,4464.05,-0.00107,-0.107
2023-08-14,4489.72,0.005734,0.5734
2023-08-15,4437.86,-0.011618,-1.1618
2023-08-16,4404.33,-0.007584,-0.7584
2023-08-17,4370.36,-0.007743,-0.7743
2023-08-18,4369.71,-0.000149,-0.0149
2023-08-21,4399.77,0.006856,0.6856
2023-08-22,4387.55,-0.002781,-0.2781
2023-08-23,4436.01,0.010984,1.0984
2023-08-24,4376.31,-0.013549,-1.3549
2023-08-25,4405.71,0.006696,0.6696
2023-08-28,4433.31,0.006245,0.6245
2023-08-29,4497.63,0.014404,1.4404
2023-08-30,4514.87,0.003826,0.3826
2023-08-31,4507.66,-0.001598,-0.1598
2023-09-01,4515.77,0.001798,0.1798
2023-09-05,4496.83,-0.004203,-0.4203
2023-09-06,4465.48,-0.006996,-0.6996
2023-09-07,4451.14,-0.003216,-0.3216
2023-09-08,4457.49,0.001426,0.1426
2023-09-11,4487.46,0.006701,0.6701
2023-09-12,4461.9,-0.005712,-0.5712
2023-09-13,4467.44,0.001241,0.1241
2023-09-14,4505.1,0.008395,0.8395
2023-09-15,4450.32,-0.012234,-1.2234
2023-09-18,4453.53,0.000721,0.0721
2023-09-19,4443.95,-0.002153,-0.2153
2023-09-20,4402.2,-0.009439,-0.9439
2023-09-21,4330.0,-0.016537,-1.6537
2023-09-22,4320.06,-0.002298,-0.2298
2023-09-25,4337.44,0.004015,0.4015
2023-09-26,4273.53,-0.014844,-1.4844
2023-09-27,4274.51,0.000229,0.0229
2023-09-28,4299.7,0.005876,0.5876
2023-09-29,4288.05,-0.002713,-0.2713
2023-10-02,4288.39,7.9e-05,0.0079
2023-10-03,4229.45,-0.013839,-1.3839
2023-10-04,4263.75,0.008077,0.8077
2023-10-05,4258.19,-0.001305,-0.1305
2023-10-06,4308.5,0.011746,1.1746
2023-10-09,4335.66,0.006284,0.6284
2023-10-10,4358.24,0.005194,0.5194
2023-10-11,4376.95,0.004284,0.4284
2023-10-12,4349.61,-0.006266,-0.6266
2023-10-13,4327.78,-0.005031,-0.5031
2023-10-16,4373.63,0.010539,1.0539
2023-10-17,4373.2,-9.8e-05,-0.0098
2023-10-18,4314.6,-0.01349,-1.349
2023-10-19,4278.0,-0.008519,-0.8519
2023-10-20,4224.16,-0.012665,-1.2665
2023-10-23,4217.04,-0.001687,-0.1687
2023-10-24,4247.68,0.00724,0.724
2023-10-25,4186.77,-0.014443,-1.4443
2023-10-26,4137.23,-0.011903,-1.1903
2023-10-27,4117.37,-0.004812,-0.4812
2023-10-30,4166.82,0.011938,1.1938
2023-10-31,4193.8,0.006454,0.6454
2023-11-01,4237.86,0.010451,1.0451
2023-11-02,4317.78,0.018683,1.8683
2023-11-03,4358.34,0.00935,0.935
2023-11-06,4365.98,0.001751,0.1751
2023-11-07,4378.38,0.002836,0.2836
2023-11-08,4382.78,0.001004,0.1004
2023-11-09,4347.35,-0.008117,-0.8117
2023-11-10,4415.24,0.015496,1.5496
2023-11-13,4411.55,-0.000836,-0.0836
2023-11-14,4495.7,0.018895,1.8895
2023-11-15,4502.88,0.001596,0.1596
2023-11-16,4508.24,0.00119,0.119
2023-11-17,4514.02,0.001281,0.1281
2023-11-20,4547.38,0.007363,0.7363
2023-11-21,4538.19,-0.002023,-0.2023
2023-11-22,4556.62,0.004053,0.4053
2023-11-24,4559.34,0.000597,0.0597
2023-11-27,4550.43,-0.001956,-0.1956
2023-11-28,4554.89,0.00098,0.098
2023-11-29,4550.58,-0.000947,-0.0947
2023-11-30,4567.8,0.003777,0.3777
2023-12-01,4594.63,0.005857,0.5857
2023-12-04,4569.78,-0.005423,-0.5423
2023-12-05,4567.18,-0.000569,-0.0569
2023-12-06,4549.34,-0.003914,-0.3914
2023-12-07,4585.59,0.007937,0.7937
2023-12-08,4604.37,0.004087,0.4087
2023-12-11,4622.44,0.003917,0.3917
2023-12-12,4643.7,0.004589,0.4589
2023-12-13,4707.09,0.013558,1.3558
2023-12-14,4719.55,0.002644,0.2644
2023-12-15,4719.19,-7.6e-05,-0.0076
2023-12-18,4740.56,0.004518,0.4518
2023-12-19,4768.37,0.005849,0.5849
2023-12-20,4698.35,-0.014793,-1.4793
2023-12-21,4746.75,0.010249,1.0249
2023-12-22,4754.63,0.001659,0.1659
2023-12-26,4774.75,0.004223,0.4223
2023-12-27,4781.58,0.001429,0.1429
2023-12-28,4783.35,0.00037,0.037
2023-12-29,4769.83,-0.00283,-0.283
2024-01-02,4742.83,-0.005677,-0.5677
2024-01-03,4704.81,-0.008049,-0.8049
2024-01-04,4688.68,-0.003434,-0.3434
2024-01-05,4697.24,0.001824,0.1824
2024-01-08,4763.54,0.014016,1.4016
2024-01-09,4756.5,-0.001479,-0.1479
2024-01-10,4783.45,0.00565,0.565
2024-01-11,4780.24,-0.000671,-0.0671
2024-01-12,4783.83,0.000751,0.0751
2024-01-16,4765.98,-0.003738,-0.3738
2024-01-17,4739.21,-0.005633,-0.5633
2024-01-18,4780.94,0.008767,0.8767
2024-01-19,4839.81,0.012238,1.2238
2024-01-22,4850.43,0.002192,0.2192
2024-01-23,4864.6,0.002917,0.2917
2024-01-24,4868.55,0.000812,0.0812
2024-01-25,4894.16,0.005247,0.5247
2024-01-26,4890.97,-0.000652,-0.0652
2024-01-29,4927.93,0.007528,0.7528
2024-01-30,4924.97,-0.000601,-0.0601
2024-01-31,4845.65,-0.016237,-1.6237
2024-02-01,4906.19,0.012416,1.2416
2024-02-02,4958.61,0.010628,1.0628
2024-02-05,4942.81,-0.003191,-0.3191
2024-02-06,4954.23,0.002308,0.2308
2024-02-07,4995.06,0.008208,0.8208
2024-02-08,4997.91,0.00057,0.057
2024-02-09,5026.61,0.005726,0.5726
2024-02-12,5021.84,-0.000949,-0.0949
2024-02-13,4953.17,-0.013769,-1.3769
2024-02-14,5000.62,0.009534,0.9534
2024-02-15,5029.73,0.005804,0.5804
2024-02-16,5005.57,-0.004815,-0.4815
2024-02-20,4975.51,-0.006023,-0.6023
2024-02-21,4981.8,0.001263,0.1263
2024-02-22,5087.03,0.020903,2.0903
2024-02-23,5088.8,0.000348,0.0348
2024-02-26,5069.53,-0.003794,-0.3794
2024-02-27,5078.18,0.001705,0.1705
2024-02-28,5069.76,-0.00166,-0.166
2024-02-29,5096.27,0.005215,0.5215
2024-03-01,5137.08,0.007976,0.7976
2024-03-04,5130.95,-0.001194,-0.1194
2024-03-05,5078.65,-0.010245,-1.0245
2024-03-06,5104.76,0.005128,0.5128
2024-03-07,5157.36,0.010251,1.0251
2024-03-08,5123.69,-0.00655,-0.655
2024-03-11,5117.94,-0.001123,-0.1123
2024-03-12,5175.27,0.01114,1.114
2024-03-13,5165.31,-0.001926,-0.1926
2024-03-14,5150.48,-0.002875,-0.2875
2024-03-15,5117.09,-0.006504,-0.6504
2024-03-18,5149.42,0.006298,0.6298
2024-03-19,5178.51,0.005633,0.5633
2024-03-20,5224.62,0.008865,0.8865
2024-03-21,5241.53,0.003231,0.3231
2024-03-22,5234.18,-0.001403,-0.1403
2024-03-25,5218.19,-0.00306,-0.306
2024-03-26,5203.58,-0.002804,-0.2804
2024-03-27,5248.49,0.008594,0.8594
2024-03-28,5254.35,0.001116,0.1116
2024-04-01,5243.77,-0.002016,-0.2016
2024-04-02,5205.81,-0.007265,-0.7265
2024-04-03,5211.49,0.001091,0.1091
2024-04-04,5147.21,-0.012411,-1.2411
2024-04-05,5204.34,0.011038,1.1038
2024-04-08,5202.39,-0.000375,-0.0375
2024-04-09,5209.91,0.001444,0.1444
2024-04-10,5160.64,-0.009502,-0.9502
2024-04-11,5199.06,0.007417,0.7417
2024-04-12,5123.41,-0.014658,-1.4658
2024-04-15,5061.82,-0.012094,-1.2094
2024-04-16,5051.41,-0.002059,-0.2059
2024-04-17,5022.21,-0.005797,-0.5797
2024-04-18,5011.12,-0.002211,-0.2211
2024-04-19,4967.23,-0.008797,-0.8797
2024-04-22,5010.6,0.008693,0.8693
2024-04-23,5070.55,0.011894,1.1894
2024-04-24,5071.63,0.000213,0.0213
2024-04-25,5048.42,-0.004587,-0.4587
2024-04-26,5099.96,0.010157,1.0157
2024-04-29,5116.17,0.003173,0.3173
2024-04-30,5035.69,-0.015856,-1.5856
2024-05-01,5018.39,-0.003441,-0.3441
2024-05-02,5064.2,0.009087,0.9087
2024-05-03,5127.79,0.012479,1.2479
2024-05-06,5180.74,0.010273,1.0273
2024-05-07,5187.7,0.001343,0.1343
2024-05-08,5187.67,-6e-06,-0.0006
2024-05-09,5214.08,0.005078,0.5078
2024-05-10,5222.68,0.001648,0.1648
2024-05-13,5221.42,-0.000241,-0.0241
2024-05-14,5246.68,0.004826,0.4826
2024-05-15,5308.15,0.011648,1.1648
2024-05-16,5297.1,-0.002084,-0.2084
2024-05-17,5303.27,0.001164,0.1164
2024-05-20,5308.13,0.000916,0.0916
2024-05-21,5321.41,0.002499,0.2499
2024-05-22,5307.01,-0.00271,-0.271
2024-05-23,5267.84,-0.007408,-0.7408
2024-05-24,5304.72,0.006977,0.6977
2024-05-28,5306.04,0.000249,0.0249
2024-05-29,5266.95,-0.007394,-0.7394
2024-05-30,5235.48,-0.005993,-0.5993
2024-05-31,5277.51,0.007996,0.7996
2024-06-03,5283.4,0.001115,0.1115
2024-06-04,5291.34,0.001502,0.1502
2024-06-05,5354.03,0.011778,1.1778
2024-06-06,5352.96,-0.0002,-0.02
2024-06-07,5346.99,-0.001116,-0.1116
2024-06-10,5360.79,0.002578,0.2578
2024-06-11,5375.32,0.002707,0.2707
2024-06-12,5421.03,0.008468,0.8468
2024-06-13,5433.74,0.002342,0.2342
2024-06-14,5431.6,-0.000394,-0.0394
2024-06-17,5473.23,0.007635,0.7635
2024-06-18,5487.03,0.002518,0.2518
2024-06-20,5473.17,-0.002529,-0.2529
2024-06-21,5464.62,-0.001563,-0.1563
2024-06-24,5447.87,-0.00307,-0.307
2024-06-25,5469.3,0.003926,0.3926
2024-06-26,5477.9,0.001571,0.1571
2024-06-27,5482.87,0.000907,0.0907
2024-06-28,5460.48,-0.004092,-0.4092
2024-07-01,5475.09,0.002672,0.2672
2024-07-02,5509.01,0.006176,0.6176
2024-07-03,5537.02,0.005072,0.5072
2024-07-05,5567.19,0.005434,0.5434
2024-07-08,5572.85,0.001016,0.1016
2024-07-09,5576.98,0.000741,0.0741
2024-07-10,5633.91,0.010156,1.0156
2024-07-11,5584.54,-0.008802,-0.8802
2024-07-12,5615.35,0.005502,0.5502
2024-07-15,5631.22,0.002822,0.2822
2024-07-16,5667.2,0.006369,0.6369
2024-07-17,5588.27,-0.014025,-1.4025
2024-07-18,5544.59,-0.007847,-0.7847
2024-07-19,5505.0,-0.007166,-0.7166
2024-07-22,5564.41,0.010734,1.0734
2024-07-23,5555.74,-0.001559,-0.1559
2024-07-24,5427.13,-0.023421,-2.3421
2024-07-25,5399.22,-0.005156,-0.5156
2024-07-26,5459.1,0.011029,1.1029
2024-07-29,5463.54,0.000813,0.0813
2024-07-30,5436.44,-0.004973,-0.4973
2024-07-31,5522.3,0.01567,1.567
2024-08-01,5446.68,-0.013788,-1.3788
2024-08-02,5346.56,-0.018553,-1.8553
2024-08-05,5186.33,-0.030427,-3.0427
2024-08-06,5240.03,0.010301,1.0301
2024-08-07,5199.5,-0.007765,-0.7765
2024-08-08,5319.31,0.022781,2.2781
2024-08-09,5344.16,0.004661,0.4661
2024-08-12,5344.39,4.3e-05,0.0043
2024-08-13,5434.43,0.016707,1.6707
2024-08-14,5455.21,0.003816,0.3816
2024-08-15,5543.22,0.016004,1.6004
2024-08-16,5554.25,0.001988,0.1988
2024-08-19,5608.25,0.009675,0.9675
2024-08-20,5597.12,-0.001987,-0.1987
2024-08-21,5620.85,0.004231,0.4231
2024-08-22,5570.64,-0.008973,-0.8973
2024-08-23,5634.61,0.011418,1.1418
2024-08-26,5616.84,-0.003159,-0.3159
2024-08-27,5625.8,0.001594,0.1594
2024-08-28,5592.18,-0.005994,-0.5994
2024-08-29,5591.96,-3.9e-05,-0.0039
2024-08-30,5648.4,0.010042,1.0042
2024-09-03,5528.93,-0.021378,-2.1378
2024-09-04,5520.07,-0.001604,-0.1604
2024-09-05,5503.41,-0.003023,-0.3023
2024-09-06,5408.42,-0.017411,-1.7411
2024-09-09,5471.05,0.011514,1.1514
2024-09-10,5495.52,0.004463,0.4463
2024-09-11,5554.13,0.010609,1.0609
2024-09-12,5595.76,0.007467,0.7467
2024-09-13,5626.02,0.005393,0.5393
2024-09-16,5633.09,0.001256,0.1256
2024-09-17,5634.58,0.000265,0.0265
2024-09-18,5618.26,-0.002901,-0.2901
2024-09-19,5713.64,0.016834,1.6834
2024-09-20,5702.55,-0.001943,-0.1943
2024-09-23,5718.57,0.002805,0.2805
2024-09-24,5732.93,0.002508,0.2508
2024-09-25,5722.26,-0.001863,-0.1863
2024-09-26,5745.37,0.004031,0.4031
2024-09-27,5738.17,-0.001254,-0.1254
2024-09-30,5762.48,0.004228,0.4228
2024-10-01,5708.75,-0.009368,-0.9368
2024-10-02,5709.54,0.000138,0.0138
2024-10-03,5699.94,-0.001683,-0.1683
2024-10-04,5751.07,0.00893,0.893
2024-10-07,5695.94,-0.009632,-0.9632
2024-10-08,5751.13,0.009643,0.9643
2024-10-09,5792.04,0.007088,0.7088
2024-10-10,5780.05,-0.002072,-0.2072
2024-10-11,5815.03,0.006034,0.6034
2024-10-14,5859.85,0.007678,0.7678
2024-10-15,5815.26,-0.007639,-0.7639
2024-10-16,5842.47,0.004668,0.4668
2024-10-17,5841.47,-0.000171,-0.0171
2024-10-18,5864.67,0.003964,0.3964
2024-10-21,5853.98,-0.001824,-0.1824
2024-10-22,5851.2,-0.000475,-0.0475
2024-10-23,5797.42,-0.009234,-0.9234
2024-10-24,5809.86,0.002143,0.2143
2024-10-25,5808.12,-0.000299,-0.0299
2024-10-28,5823.52,0.002648,0.2648
2024-10-29,5832.92,0.001613,0.1613
2024-10-30,5813.67,-0.003306,-0.3306
2024-10-31,5705.45,-0.01879,-1.879
2024-11-01,5728.8,0.004084,0.4084
2024-11-04,5712.69,-0.002816,-0.2816
2024-11-05,5782.76,0.012191,1.2191
2024-11-06,5929.04,0.024981,2.4981
2024-11-07,5973.1,0.007404,0.7404
2024-11-08,5995.54,0.00375,0.375
2024-11-11,6001.35,0.000969,0.0969
2024-11-12,5983.99,-0.002897,-0.2897
2024-11-13,5985.38,0.000232,0.0232
2024-11-14,5949.17,-0.006068,-0.6068
2024-11-15,5870.62,-0.013291,-1.3291
2024-11-18,5893.62,0.00391,0.391
2024-11-19,5916.98,0.003956,0.3956
2024-11-20,5917.11,2.2e-05,0.0022
2024-11-21,5948.71,0.005326,0.5326
2024-11-22,5969.34,0.003462,0.3462
2024-11-25,5987.37,0.003016,0.3016
2024-11-26,6021.63,0.005706,0.5706
2024-11-27,5998.74,-0.003808,-0.3808
2024-11-29,6032.38,0.005592,0.5592
2024-12-02,6047.15,0.002445,0.2445
2024-12-03,6049.88,0.000451,0.0451
2024-12-04,6086.49,0.006033,0.6033
2024-12-05,6075.11,-0.001872,-0.1872
2024-12-06,6090.27,0.002492,0.2492
2024-12-09,6052.85,-0.006163,-0.6163
2024-12-10,6034.91,-0.002968,-0.2968
2024-12-11,6084.19,0.008133,0.8133
2024-12-12,6051.25,-0.005429,-0.5429
2024-12-13,6051.09,-2.6e-05,-0.0026
2024-12-16,6074.08,0.003792,0.3792
2024-12-17,6050.61,-0.003871,-0.3871
2024-12-18,5872.16,-0.029937,-2.9937
2024-12-19,5867.08,-0.000865,-0.0865
2024-12-20,5930.85,0.01081,1.081
2024-12-23,5974.07,0.007261,0.7261
2024-12-24,6040.04,0.010982,1.0982
2024-12-26,6037.59,-0.000406,-0.0406
2024-12-27,5970.84,-0.011117,-1.1117
2024-12-30,5906.94,-0.01076,-1.076
